SNP,score,rank
rs12700462,0.0053161879202574544,1
rs11094875,0.004908383455330015,2
rs10903113,0.004836094622091939,3
rs6977118,0.00446596337614137,4
rs726089,0.004458637731891105,5
rs7791283,0.004425321571182004,6
rs2028655,0.0043538320140136255,7
rs1552908,0.004350216199199758,8
rs2502106,0.004169663512666334,9
rs6437624,0.0041445635465040915,10
rs10814670,0.004143922645386553,11
rs12369009,0.004115023951647227,12
rs2116659,0.003922654899169996,13
rs7515801,0.0039042834077945036,14
rs5966515,0.003841036696348242,15
rs2050011,0.003813418539235962,16
rs6897671,0.0037074990679743197,17
rs11902459,0.0036245548632747563,18
rs6869337,0.0036236929495346718,19
rs5928814,0.0036214737215606385,20
rs10825131,0.0034249005150533514,21
rs5982340,0.0033623152495378715,22
rs6106161,0.003339785029386657,23
rs3115351,0.0033207710028987933,24
rs6789892,0.0033075878018389193,25
rs7315906,0.0032819354572772765,26
rs10163001,0.0032815374979665696,27
rs13384571,0.003269655536295021,28
rs1149004,0.0032214650168582437,29
rs2298954,0.003220743446780234,30
rs13114479,0.0032090361171086116,31
rs10962599,0.0032003219087115044,32
rs9939322,0.0031883792113547938,33
rs1869456,0.003187898012918369,34
rs7128074,0.0031669742408656346,35
rs5938620,0.003147463034494706,36
rs6556114,0.0031449936105757996,37
rs3778307,0.0031180442105787094,38
rs4233318,0.003103176649123911,39
rs12250945,0.0030995137725704216,40
rs7587849,0.0030945071660371764,41
rs6703594,0.0030586416376773484,42
rs4893319,0.003048488715958997,43
rs6963666,0.0029687763394616274,44
rs2051086,0.0029502926299076852,45
rs7733218,0.002950173652363589,46
rs422584,0.002948544869699257,47
rs12545564,0.002944459660530337,48
rs10257645,0.0029380986761210195,49
rs3111754,0.00292475883155586,50
rs9651966,0.0028915212924479927,51
rs1347064,0.0028882869582074347,52
rs387873,0.0028660603796797357,53
rs35603718,0.002863850077423147,54
rs9887552,0.0028609458570704647,55
rs7738188,0.002811721943966709,56
rs7868756,0.0027978127153736997,57
rs762424,0.002791193763739634,58
rs1956159,0.002755104441959271,59
rs1439314,0.002743175394833602,60
rs10818024,0.00273360077685084,61
rs1109360,0.002727365701907794,62
rs9842333,0.002715337282295317,63
rs10871454,0.002686079622893295,64
rs5976847,0.002677410480680723,65
rs1462546,0.0026725552687757196,66
rs1992014,0.002670486419698787,67
rs270896,0.0026598860054952854,68
rs3922940,0.002653779995561895,69
rs2132095,0.0026523756848445077,70
rs7612667,0.0026498901564529368,71
rs1999533,0.00263994692209332,72
rs1474249,0.0026303749752036574,73
rs10933975,0.0026268565498167727,74
rs1056321,0.00260947482665507,75
rs5958106,0.002573435537782576,76
rs7701105,0.0025579517237653933,77
rs4392601,0.0025561549390035695,78
rs2252145,0.002554545990476549,79
rs4833051,0.0025536744609358625,80
rs1835889,0.0025514455373800674,81
rs9366215,0.0025473495543450963,82
rs4760332,0.0025353879764141163,83
rs10766743,0.002510262036281484,84
rs7036983,0.0024851342574379585,85
rs10831744,0.002482965428683102,86
rs7576957,0.002476781251522757,87
rs10257010,0.0024720882434371835,88
rs6603855,0.0024657563925841045,89
rs1600351,0.0024635736202592833,90
rs6745924,0.0024468901055442168,91
rs734252,0.0024431660835702086,92
rs2311735,0.002442940452009913,93
rs1049500,0.00243802330227326,94
rs7648359,0.0024316660128153324,95
rs9725312,0.0024291500907821823,96
rs12886869,0.0024276454620643494,97
rs371768,0.0024245639536179977,98
rs12050739,0.0024243467806977365,99
rs10816216,0.00242422739851338,100
rs10748689,0.002418718044791382,101
rs1561205,0.0024173886317690315,102
rs11738268,0.0024160470560453725,103
rs1832756,0.002406483779890473,104
rs8001940,0.00240455465270152,105
rs922483,0.0023908055194649396,106
rs12527719,0.0023877183517166676,107
rs4988262,0.002383181004234018,108
rs1416595,0.0023818062373436475,109
rs2292778,0.002377980251791349,110
rs11860481,0.0023751552733425395,111
rs2127985,0.0023472279414206683,112
rs2905261,0.0023364746798283267,113
rs9792571,0.002333397124568666,114
rs7338209,0.002332577860661001,115
rs3087212,0.002330009594031863,116
rs3788766,0.0023264744580129403,117
rs1029420,0.0023193247447641178,118
rs11974622,0.0023175147834194956,119
rs2240322,0.002306030585995794,120
rs4240082,0.002293426521065577,121
rs4664502,0.0022931561288974758,122
rs1768567,0.002280489379471797,123
rs900653,0.0022790044217685357,124
rs2840240,0.002273349951929775,125
rs17035560,0.0022731978283779906,126
rs13019807,0.002266787819197965,127
rs42783,0.00226348318400767,128
rs182461,0.002261528124299481,129
rs4407262,0.002257448082993642,130
rs2731065,0.002243670496227042,131
rs1890135,0.002242130654667041,132
rs1116286,0.0022376181566597943,133
rs1780673,0.0022363184468745813,134
rs3901368,0.002233457620767614,135
rs4435236,0.0022314014148352816,136
rs3779238,0.0022306051185404727,137
rs10990639,0.0022257898962935387,138
rs4900718,0.0022253514728402413,139
rs2181839,0.0022231289110110283,140
rs2118840,0.002222848602179982,141
rs1148851,0.0022182442754538796,142
rs9397433,0.0022139071600104795,143
rs13023016,0.002213618724491218,144
rs10819510,0.0022128954210638785,145
rs11074659,0.0022053390464490626,146
rs6772703,0.0022034251928702243,147
rs4937786,0.002202253572597914,148
rs2667101,0.0022006923006451322,149
rs8112732,0.002197527497563837,150
rs13409196,0.002193090469115126,151
rs2945891,0.0021930138134578013,152
rs630542,0.0021886776842983758,153
rs2121347,0.0021792771264241765,154
rs7695130,0.002179126249974999,155
rs8112261,0.002177780377425641,156
rs3777483,0.002175642977298045,157
rs6869179,0.002167881373620262,158
rs506140,0.0021611015272446268,159
rs460420,0.002158419359016672,160
rs900573,0.0021413048210570298,161
rs2913835,0.0021330090377047403,162
rs7987880,0.002127457644999332,163
rs547632,0.0021157344105071025,164
rs5928341,0.0021142503568544867,165
rs2426923,0.0021026265024011908,166
rs4636062,0.002096287438568027,167
rs365392,0.0020950909358199055,168
rs985729,0.0020939020770522642,169
rs10477025,0.002081066876804391,170
rs2058863,0.002080540326951571,171
rs2273689,0.0020788341634906332,172
rs743936,0.0020727287230342707,173
rs1035777,0.002072213723181822,174
rs6813896,0.0020621288636360445,175
rs12045592,0.002060566976452431,176
rs12886645,0.00206029174356332,177
rs4605213,0.002058862809684003,178
rs3790843,0.002054324811061876,179
AFFX-SNP_8043189__rs286270,0.0020495781174659088,180
rs7887090,0.0020481914357086965,181
rs1006355,0.002036244776963217,182
rs10865285,0.0020350453373446944,183
rs7215506,0.002034075123950886,184
rs7159402,0.0020298229848728774,185
rs1575692,0.0020288065281709143,186
rs16777,0.0020261171271684884,187
rs16850914,0.002024248155171277,188
rs10997361,0.0020206811764692236,189
rs11888596,0.0020196818028125904,190
rs599115,0.002018713716539448,191
rs319407,0.0020171742712127697,192
rs10144554,0.0020160630731605286,193
rs7649834,0.0020153984159389563,194
rs7589628,0.0020152113022600332,195
rs7186608,0.0020122375186680357,196
rs2250107,0.0020086418100511852,197
rs6548853,0.0020068240826990875,198
rs565786,0.0020045523375746893,199
rs11007990,0.0020027724644247013,200
rs12679773,0.002000668111758356,201
rs757157,0.0019984963540954723,202
rs2168659,0.0019964420164258136,203
rs1934528,0.0019960647594562397,204
rs7791225,0.001995954563154002,205
rs2083560,0.001995780756743686,206
rs9347792,0.0019938435751254927,207
rs6680860,0.0019910676022904484,208
rs1680778,0.0019908311164992232,209
rs5967145,0.001989193538243323,210
rs885239,0.0019841276302069743,211
rs10880034,0.00198345154631911,212
rs1793000,0.001983025276624825,213
rs12462143,0.0019827871633844914,214
rs17027012,0.001982359767773217,215
rs10212372,0.0019794360978599803,216
rs10283789,0.00197465111807792,217
rs374849,0.0019680243067546404,218
rs830709,0.0019655601018464066,219
rs7581810,0.0019646901978293187,220
rs5920566,0.001964032270918015,221
rs17158825,0.001960827467511149,222
rs1397958,0.001960819405625677,223
rs2279419,0.001958597885652442,224
rs6997361,0.0019550958009858167,225
rs1420365,0.0019507242962134876,226
rs4855584,0.0019486098659183449,227
rs5958198,0.0019462917790812715,228
rs11128246,0.0019455821447619509,229
rs1772145,0.0019444749688541658,230
rs4700436,0.0019418736352500073,231
rs3826029,0.0019402877334027183,232
rs4298488,0.0019351589859326656,233
rs1294092,0.001932856659509215,234
rs13190036,0.0019315076879924146,235
rs1318822,0.0019291169654931163,236
rs2282241,0.0019252534204126023,237
rs10822486,0.0019252026141748477,238
rs315365,0.0019246361378166192,239
rs11791155,0.0019155965856048483,240
rs7985509,0.001909290841655727,241
rs2497311,0.0019035966822055475,242
rs9565434,0.0019031406737945334,243
rs13203172,0.0018949637358540302,244
rs4661575,0.0018936821495503127,245
rs7746427,0.0018910888399682546,246
rs6847349,0.0018903698936748134,247
rs3792439,0.0018870519423244351,248
rs1366073,0.0018862794764470897,249
rs12640208,0.0018862601847601682,250
rs1898749,0.0018858724576377242,251
rs2395463,0.0018830897302329697,252
rs2112957,0.0018825587206781867,253
rs9870357,0.0018762403683980592,254
rs11640996,0.0018755338321886342,255
rs6909958,0.0018686553776440385,256
rs8022606,0.0018682969497955336,257
rs9309103,0.0018674529752332955,258
rs11697918,0.001863606212020897,259
rs10759987,0.001862124431570778,260
rs10900954,0.001857981392165948,261
rs4307401,0.0018567719546978831,262
rs4378414,0.0018563831602210483,263
rs4739279,0.0018515155005353926,264
rs26438,0.0018506379691987799,265
rs9864367,0.0018505481090944583,266
rs328492,0.0018464351381063462,267
rs9323485,0.0018433062256944634,268
rs1383082,0.001840530852217808,269
rs4911107,0.0018399696981517622,270
rs12530169,0.0018375256290601007,271
rs1915884,0.0018365501778510754,272
rs7272444,0.0018336298143320382,273
rs279581,0.0018274249569068164,274
rs11120195,0.0018269859291923031,275
rs10117819,0.001825692073331925,276
rs6612587,0.0018229773356133615,277
rs7359115,0.0018227455913403775,278
rs6759839,0.0018202978679823572,279
rs934067,0.0018202025680265099,280
rs665516,0.0018187424262193406,281
rs2653657,0.0018151064395205967,282
rs5963432,0.0018149236292533527,283
rs1343462,0.0018054265281820625,284
rs444984,0.001804245419607618,285
rs2566833,0.0018038084251542211,286
rs11151581,0.0017972949749350607,287
rs561336,0.0017970095979829397,288
rs7899274,0.001794388334429932,289
rs12857741,0.0017929857414236605,290
rs7526268,0.0017878711250694447,291
rs10870514,0.0017865305795080433,292
rs986284,0.0017862258263380123,293
rs750860,0.0017850507719810301,294
rs9700179,0.0017830425892511868,295
rs4901458,0.001779262435968251,296
rs1581680,0.0017776643118076715,297
rs9303746,0.0017763388259850552,298
rs16971807,0.0017756738449551063,299
rs2395501,0.0017673568504930303,300
rs10423135,0.0017637938158525626,301
rs7649767,0.0017618091174199336,302
rs13259564,0.0017615019999842369,303
rs12478644,0.0017614095709935465,304
rs6560605,0.0017610322895220062,305
rs4515534,0.0017559047867108154,306
rs13114132,0.0017545862355829844,307
rs1482900,0.001753159645749848,308
rs4660378,0.0017520451078219686,309
rs11672827,0.0017516419216712733,310
rs1077768,0.0017503600690502766,311
rs2196476,0.0017481516836762088,312
rs415134,0.0017442215912528863,313
rs4969657,0.0017437592210550181,314
rs10253175,0.0017435144211476478,315
rs500845,0.001739306812793748,316
rs9877630,0.0017385903473224773,317
rs10761659,0.0017368004148486226,318
rs11685747,0.0017356101036506985,319
rs6089537,0.0017344194821636851,320
rs4830114,0.0017296457729428045,321
rs592297,0.00172695337674961,322
rs1252207,0.00172669997789606,323
rs3862535,0.0017265852534547564,324
rs7919822,0.0017247692564406304,325
rs2249023,0.0017234166514819222,326
rs5970230,0.0017208659363909264,327
rs12714251,0.0017170621936814512,328
rs12910433,0.0017148239249531719,329
rs10083864,0.0017144975127787096,330
rs17259400,0.0017143379081832133,331
rs10192262,0.0017132992833298747,332
rs12353986,0.0017128373181900152,333
rs4696576,0.0017117564136660537,334
rs120962,0.0017117396708671816,335
rs7909011,0.0017054665574767957,336
rs9577637,0.0017052075242661815,337
rs830644,0.0017051722627983666,338
rs7630096,0.0017047689454717692,339
rs3885635,0.0017030107565213187,340
rs7035109,0.0017023213245209333,341
rs17131303,0.0016982956686124276,342
rs2381591,0.0016969525613578465,343
rs928553,0.0016964149865387485,344
rs11684944,0.0016942489399454851,345
rs2583805,0.0016940659058866676,346
rs12276033,0.0016927146754543076,347
rs2359937,0.0016926367106939084,348
rs1283044,0.001692039514438224,349
rs2054615,0.0016911781999835844,350
rs7026429,0.0016910518130631106,351
rs33623,0.001687853689232542,352
rs9639812,0.0016853342248560551,353
rs489422,0.0016830523871553384,354
rs9866235,0.0016824071565285843,355
rs7541376,0.0016821863872305265,356
rs2464275,0.001681928945146325,357
rs6678869,0.0016817027190436853,358
rs4951536,0.0016812505374938292,359
rs7535558,0.001675844605474874,360
rs4823970,0.0016743024195339138,361
rs9869141,0.0016684973916345058,362
rs340698,0.0016680284714674079,363
rs2045229,0.0016679035820432336,364
rs252454,0.00166743118391307,365
rs2281357,0.0016662963744503796,366
rs658922,0.0016626072066166643,367
rs2473156,0.0016620103066417482,368
rs4689868,0.0016585196148824104,369
rs12155532,0.001658347760760082,370
rs12688760,0.0016576585968336754,371
rs2997875,0.0016575333787981481,372
rs12148786,0.0016570135713216208,373
rs16985201,0.0016566732830440919,374
rs11050273,0.0016542085177901655,375
rs854683,0.001653754424453916,376
rs10107483,0.001651956362621585,377
rs2448074,0.0016464020967890888,378
rs6451040,0.0016425494282032468,379
rs10034545,0.0016412505981305862,380
rs1867045,0.0016387345993035774,381
rs2230738,0.0016385754336211947,382
rs10229446,0.0016323441110461182,383
rs6796514,0.0016311202923460079,384
rs4757829,0.00163093640650264,385
rs16862684,0.0016279737358730788,386
rs10753109,0.0016270351749707646,387
rs2894471,0.0016264767753630203,388
rs1019995,0.0016264425411536916,389
rs2243174,0.0016264071466737262,390
rs34253126,0.001625427190974589,391
rs9461615,0.0016253345045229971,392
rs6910034,0.0016252139223179793,393
rs7319446,0.0016236903385751585,394
rs2082350,0.0016214481028117935,395
rs2029507,0.0016205593072978971,396
rs6561625,0.0016133062766160217,397
rs1354404,0.0016122943330691688,398
rs5951177,0.0016120034522273397,399
rs695161,0.001609279696864481,400
rs1094653,0.001608360851378833,401
rs7768996,0.0016064329002313128,402
rs4835363,0.0016059960840093244,403
rs1322388,0.0016026592967201493,404
rs2044860,0.0016014063217131731,405
rs1953811,0.001601237465422207,406
rs10888549,0.0015998361023472998,407
rs12353038,0.0015995546740003436,408
rs7758604,0.0015949027990149604,409
rs1447023,0.0015922826515817302,410
rs407266,0.0015861139324371799,411
rs8004148,0.0015833912856495352,412
rs973108,0.0015809526737121527,413
rs3756708,0.001580582479023877,414
rs6648902,0.0015802791203560623,415
rs4405230,0.001578012978927557,416
rs7787597,0.0015778712336896354,417
rs8039195,0.001577807169421407,418
rs11101397,0.0015776408753007407,419
rs10080250,0.0015750467124488533,420
rs1521491,0.0015735824368078575,421
rs543054,0.001573449044859137,422
rs2899793,0.0015734359829443756,423
rs12992285,0.001571503079622958,424
rs6536893,0.001567194812736754,425
rs2424471,0.00156677698455312,426
rs12605254,0.00156601046043448,427
rs1893498,0.0015652674517624273,428
rs611634,0.001563767297610616,429
rs4685466,0.0015623632516794722,430
rs1966796,0.0015621630507217468,431
rs9894088,0.0015588415950990085,432
rs41363750,0.001557819004523147,433
rs10142482,0.0015574235458141656,434
rs2613716,0.0015570727264683387,435
rs12449198,0.0015570127496309294,436
rs4601978,0.0015561754435885495,437
rs255910,0.0015554598042459562,438
rs6017310,0.0015543898856193272,439
rs1533469,0.001554104741821316,440
rs7454375,0.0015539828053320716,441
rs6912573,0.0015538787332395102,442
rs7578592,0.0015469886094352646,443
rs6641786,0.0015453600120943997,444
rs1416711,0.0015453438526188018,445
rs1496795,0.0015423763995312154,446
rs1489221,0.0015414837302831002,447
rs1078008,0.0015412268971409348,448
rs17553121,0.0015410027696354045,449
rs9393683,0.00154084295596642,450
rs9510914,0.0015395240066266008,451
rs7311445,0.001533079740027866,452
rs1146112,0.0015328194938984568,453
rs1958988,0.0015325493883951004,454
rs1317816,0.0015324671935989173,455
rs6139034,0.0015315141482441612,456
rs7372124,0.001530171585960658,457
rs4724524,0.0015284525907713093,458
rs7091026,0.0015269375770955223,459
rs1980102,0.0015244632580244263,460
rs11032624,0.0015230257251574978,461
rs4455639,0.001522876253286557,462
rs2017802,0.0015216343742076998,463
rs9503168,0.0015173040628473121,464
rs7964786,0.0015150455926341046,465
rs868306,0.0015137263239704203,466
rs11198303,0.0015136491885029079,467
rs316123,0.001511513535843305,468
rs7179733,0.0015104843895562832,469
rs2830629,0.0015089577829609283,470
rs550144,0.0015082641299382327,471
rs170692,0.0015061483250594155,472
rs13005508,0.0015054292130334324,473
rs6873142,0.0015042178651893286,474
rs6025100,0.0015028572314980772,475
rs2240778,0.001502185707413941,476
rs2655688,0.0015010420093290399,477
rs717538,0.0015009103450169627,478
rs975310,0.0014978953323496788,479
rs6784342,0.0014948309675748208,480
rs1329644,0.0014927825082799498,481
rs9351207,0.001492421768343655,482
rs6761589,0.0014887381156253143,483
rs5982588,0.00148824961314598,484
rs674981,0.0014879787449570516,485
rs2038888,0.001486244659550668,486
rs228051,0.0014861374527226725,487
rs593690,0.0014850882544395424,488
rs10507265,0.0014825883336920921,489
rs10447393,0.0014822687345944505,490
rs10420052,0.0014809394529388994,491
rs1153968,0.0014778348871365362,492
rs935868,0.0014747003688875093,493
rs1558932,0.0014746677518745858,494
rs4585277,0.0014735576933670301,495
rs1088681,0.0014713554543670496,496
rs12534099,0.001471153558415193,497
rs4545929,0.0014710134204352066,498
rs2831991,0.0014702006222577814,499
rs11042895,0.00146983548124417,500
rs4745285,0.0014661208036485112,501
rs2960060,0.0014655721564470227,502
rs931734,0.0014643333941332583,503
rs2963787,0.001462378219704151,504
rs871140,0.0014606989248609485,505
rs2190890,0.0014594524561945437,506
rs2968005,0.0014554232597935113,507
rs6460701,0.0014548212105954226,508
rs406588,0.0014547358557728577,509
rs209710,0.0014538935011676442,510
rs7330185,0.0014499472617826338,511
rs1669025,0.0014493756155736903,512
rs10203688,0.00144913641111352,513
rs2043380,0.0014485990729165405,514
rs1105586,0.0014471712843893694,515
rs7565755,0.0014468879474339041,516
rs9784511,0.0014460882469005821,517
rs9284251,0.0014453017088073448,518
rs2824652,0.0014441217969848883,519
rs6950717,0.001444078847001589,520
rs8120307,0.001444057721356441,521
rs9493381,0.001439681320185484,522
rs5750310,0.0014378136629253188,523
rs2414003,0.0014335039845041015,524
rs2141744,0.0014334935045008303,525
rs6999216,0.001433209773177008,526
rs7121368,0.0014325497582326585,527
rs13093909,0.0014307331957650678,528
rs11126227,0.0014299304091728924,529
rs2390035,0.0014292026604896923,530
rs16953611,0.0014287648123104532,531
rs3820099,0.001424596342085286,532
rs6745135,0.0014239510294098983,533
rs2544115,0.0014220887990296584,534
rs6774315,0.001421366951781848,535
rs2959634,0.001419251314127684,536
rs12550484,0.0014180135606631575,537
rs17102161,0.0014172212187712118,538
rs4655294,0.0014171036657512114,539
rs4756434,0.001416976129764703,540
rs6484569,0.0014166925152583245,541
rs2295458,0.0014148721457010263,542
rs4928110,0.0014143760845356105,543
rs6682219,0.001412046347119899,544
rs2438379,0.0014118621154386936,545
rs1053001,0.0014109039700010396,546
rs1438959,0.0014099550373681904,547
rs2038981,0.0014093838894142685,548
rs3802330,0.0014062255685216346,549
rs13299570,0.0014056253815929905,550
rs6669004,0.0014021233307249118,551
rs11074645,0.001400889503030064,552
rs10763429,0.0013952482418612738,553
rs10929989,0.001394811045400451,554
rs855943,0.0013939804265188295,555
rs1668565,0.0013924658779802441,556
rs7184400,0.0013917205645893344,557
rs1191746,0.001390476548219202,558
rs11592638,0.0013898284191663302,559
rs249265,0.0013881476583740226,560
rs10189450,0.0013870363224695393,561
rs9548729,0.0013862576003358972,562
rs10827901,0.0013827527674981016,563
rs4622592,0.0013814772757026327,564
rs1487330,0.001380084240252024,565
rs2045159,0.0013798966578897668,566
rs2242259,0.0013783254787235171,567
rs9536330,0.0013765700511673181,568
rs1253740,0.0013764816910922066,569
rs7066341,0.0013754200931294781,570
rs256047,0.001375369021279113,571
rs7194715,0.001374303507994325,572
rs5768768,0.0013738764026191526,573
rs4890390,0.0013737096488381474,574
rs4930645,0.0013736574577043203,575
rs2826126,0.0013734575309528826,576
rs6838898,0.001371331465750345,577
rs4639023,0.0013710881142946197,578
rs12520611,0.001369253859374159,579
rs5965232,0.0013682622969120913,580
rs870361,0.0013667979605424408,581
rs8139704,0.0013659764282685988,582
rs2055388,0.0013658690666846047,583
AFFX-SNP_10446295__rs12622262,0.0013657707432556299,584
rs900174,0.0013657422675008193,585
rs922275,0.001361048977893743,586
rs5007156,0.0013606703994988368,587
rs17162635,0.0013603480671325859,588
rs7216096,0.0013591667124447768,589
rs933548,0.0013587115590354855,590
rs1560226,0.0013584105793606736,591
rs8084706,0.0013569207505943596,592
rs4802274,0.0013564766467136441,593
rs8263,0.0013561126083612202,594
rs4726178,0.0013558741903330913,595
rs6127471,0.001354088697629919,596
rs536410,0.0013540127902355306,597
rs13402267,0.0013505450154906876,598
rs13400948,0.0013489150599371611,599
rs10870303,0.0013452097798257931,600
rs1007241,0.0013445308883546056,601
rs2348553,0.0013435045445430588,602
rs8041213,0.0013425471886447204,603
rs2133783,0.001341793761952513,604
rs1208333,0.0013416522634436116,605
rs2648048,0.0013414329133223726,606
rs10513599,0.0013389794876234049,607
rs12888354,0.0013379309037093814,608
rs9493231,0.0013378764255662808,609
rs7191687,0.0013359474879438538,610
rs2280880,0.001335244045727231,611
rs7734769,0.0013344938471124253,612
rs9390817,0.0013341957569925332,613
rs2426143,0.0013308169996156284,614
rs6983976,0.001329078184353234,615
rs1183131,0.0013289191614653032,616
rs2620004,0.001328244937022489,617
rs2180271,0.0013275533656187995,618
rs6747560,0.001326012990347809,619
rs16958617,0.001324809946040401,620
rs3886050,0.0013238807074614316,621
rs1185007,0.0013231409549792406,622
rs12187958,0.001321987781575711,623
rs6909754,0.0013208440434847955,624
rs7982486,0.0013206004736162841,625
rs11232749,0.001320097220429651,626
rs10785097,0.0013178888053560203,627
rs1527952,0.0013151349782351987,628
rs7156473,0.0013149934827860327,629
rs9540784,0.0013136764304303385,630
rs11072824,0.0013136092583254204,631
rs10785586,0.0013124070880517987,632
rs2637360,0.0013071611986880747,633
rs7921765,0.0013062237645043075,634
rs1899537,0.001306101161232076,635
rs10793339,0.0013055632282492986,636
rs3373,0.0013052285833355108,637
rs10849027,0.0013028216253697681,638
rs7748108,0.001300956231680279,639
rs2371763,0.0012999327182324706,640
rs1480513,0.0012998459740011328,641
rs4869652,0.0012985196445343193,642
rs9811243,0.0012955672586785249,643
rs8036500,0.00129439925670813,644
rs1290227,0.0012940545624336168,645
rs2199587,0.0012926996434430812,646
rs7915549,0.0012924638493052275,647
rs12614734,0.0012918476803519328,648
rs7722737,0.0012913682111203714,649
rs482458,0.0012820543986124706,650
rs9989483,0.001281683142785462,651
rs7522326,0.00128118636459164,652
rs17136879,0.0012810567607647273,653
rs1376526,0.0012794484430813126,654
rs4378706,0.0012785740342880268,655
rs4643957,0.0012779064853229588,656
rs7165226,0.001277721540852493,657
rs2292184,0.0012745070452697769,658
rs3809291,0.0012741647997116512,659
rs2938254,0.0012733581970709679,660
rs16920420,0.0012729585087370493,661
rs2824281,0.0012724326436205223,662
rs10885532,0.0012703481789309722,663
rs11785007,0.0012697173741252198,664
rs3912609,0.0012689322219359834,665
rs7121803,0.001268712646686132,666
rs6955106,0.0012681216133719657,667
rs13129264,0.0012679835022481227,668
rs6413909,0.0012650447838211936,669
rs6911728,0.0012643766062418059,670
rs2133774,0.0012634266801447981,671
rs2275805,0.0012630219599466816,672
rs1545232,0.001262152638879433,673
rs13034255,0.0012615652595870407,674
rs6031165,0.0012611244120888999,675
rs7619804,0.0012608226012116085,676
rs11228676,0.001260762244533365,677
rs12543061,0.0012580078374030681,678
rs7918983,0.001257850665437477,679
rs12154015,0.0012575409986465937,680
rs11182473,0.0012564195936091659,681
rs35970878,0.001254732621236177,682
rs4870497,0.0012541160985637331,683
rs1333904,0.0012504212371540566,684
rs10414009,0.0012503599883380845,685
rs952756,0.0012475095286200862,686
rs1786070,0.0012460415059824823,687
rs2208699,0.0012456181081806372,688
rs11117072,0.0012433762646072242,689
rs6093898,0.0012427149440931374,690
rs16971757,0.0012424611234729717,691
rs12108660,0.0012413681683782866,692
rs7006947,0.0012397165334600076,693
rs1487856,0.001239146585534199,694
rs7544813,0.0012386655141122718,695
rs12439356,0.0012383946001456737,696
rs7151032,0.001238201174587505,697
rs345676,0.0012380325588678017,698
rs4818122,0.0012356619555540741,699
rs16851040,0.001235403581350836,700
rs16869377,0.0012353330141963153,701
rs4711195,0.0012353201020743594,702
AFFX-SNP_11039594__rs7584993,0.00123440434488764,703
rs4074123,0.0012337107739408173,704
rs16913732,0.0012329989583878649,705
rs10932428,0.0012328411577864715,706
rs3099758,0.001232580782941671,707
rs3850766,0.0012320293772304914,708
rs11247164,0.0012310101488974554,709
rs2442343,0.0012296324066610564,710
rs7006778,0.0012268427246455694,711
rs844565,0.0012260210791256265,712
rs7181501,0.0012258217592313028,713
rs686339,0.001225397159265723,714
rs13025269,0.001224688563658678,715
rs9812956,0.0012241068302615414,716
rs1147696,0.001221894879319487,717
rs12559017,0.0012211086683040634,718
rs11707121,0.001218670599196119,719
rs498789,0.0012184935040383822,720
rs2724125,0.0012178766381919677,721
rs10167711,0.00121682619627029,722
rs551535,0.0012168039700618779,723
rs12836375,0.0012156878632251249,724
rs9513974,0.0012153628175057244,725
rs9494335,0.0012130949388286412,726
rs3782716,0.0012123375724866303,727
rs13200022,0.0012108142924329923,728
rs1473652,0.001209612257770274,729
AFFX-SNP_9311349__rs16943845,0.0012081564433283603,730
rs6820847,0.0012033003519948875,731
rs2953924,0.0012031479514558075,732
rs1847520,0.0012005154014630137,733
rs4773155,0.001200000805390259,734
rs3110172,0.0011998044996705914,735
rs2593378,0.0011954589619066472,736
rs9820513,0.0011938339033041522,737
rs788058,0.0011925425391056917,738
rs1480138,0.0011910560741750119,739
rs7226505,0.0011907248989726747,740
rs2312664,0.001189677975336553,741
rs2834219,0.0011875608682210056,742
rs532473,0.0011873575417010354,743
rs16824293,0.0011860432621108431,744
rs12461904,0.0011859539463671338,745
rs8038787,0.001185723482626073,746
rs868826,0.0011838742374372048,747
rs16945565,0.001183349966213813,748
rs10914755,0.001182862716276098,749
rs9392168,0.001181248997522006,750
rs214017,0.0011812219096916736,751
AFFX-SNP_11721802__rs4663445,0.001179869114717131,752
rs7050888,0.0011797487175797452,753
rs540422,0.0011790332871592958,754
rs12183364,0.00117644764688645,755
rs1286053,0.0011761822698303976,756
rs12372157,0.0011748374654558125,757
rs11753513,0.001173721155785745,758
rs7684791,0.0011722491059904417,759
rs10798599,0.0011716568427601452,760
rs9900173,0.00117136004835394,761
rs8192950,0.0011693645454446725,762
rs12662667,0.0011688993297907988,763
rs1034355,0.0011665606345835169,764
rs4790792,0.0011663605007066443,765
rs3087465,0.0011640122798934904,766
rs6561326,0.0011607331048271254,767
rs3802264,0.001159876324840246,768
rs2133417,0.0011595693055053754,769
rs1950889,0.001157819323985174,770
rs4399763,0.0011567678042344344,771
rs2464484,0.0011567251621698495,772
rs297860,0.001155958860001003,773
rs218307,0.001155331054296429,774
rs12440680,0.001154561010882498,775
rs4979772,0.0011537849783548758,776
rs12559083,0.0011522855771275093,777
rs1789783,0.0011496492943112134,778
rs6521873,0.0011495082726824938,779
rs7575462,0.0011481008738650743,780
rs7611002,0.001147463688124427,781
rs11625642,0.0011465637651619691,782
rs7201079,0.0011435297179252886,783
rs6942903,0.0011405861646790472,784
rs3768280,0.001140270595579784,785
rs2365367,0.0011400332337067462,786
rs7717652,0.0011389860969290967,787
rs3805668,0.0011381995180741325,788
rs11021231,0.0011378621297949967,789
rs12203229,0.0011358529651391064,790
rs5957334,0.0011346106688765697,791
rs17437547,0.0011344168749476745,792
rs1883834,0.0011341398631030143,793
rs1447552,0.0011328414245701014,794
rs2774406,0.0011321428740696307,795
rs6030277,0.0011315821658044905,796
rs7830267,0.0011311927680259146,797
rs7258382,0.0011310778658196467,798
rs7023655,0.001130455453745878,799
rs6695712,0.0011303972570210915,800
rs12742018,0.0011300143424735438,801
rs1352505,0.0011289716237916087,802
rs10170836,0.0011288431929046344,803
rs675000,0.0011283123481408003,804
rs6977535,0.0011257014113671049,805
rs3118571,0.0011255302807368938,806
rs6009661,0.0011251315465055337,807
rs1953298,0.0011247916387396666,808
rs2055694,0.0011165605746671287,809
rs4725649,0.001116540383315813,810
rs12037322,0.0011142482440593237,811
rs764324,0.00111208537476135,812
rs11020894,0.001112056756326131,813
rs595227,0.0011117161200948254,814
rs4886777,0.0011114324476081841,815
rs7716876,0.001110979065309846,816
rs3176334,0.001110516971656372,817
rs8109756,0.0011104974215796095,818
rs2483535,0.001110238945172391,819
rs1047966,0.0011072456799288144,820
rs2701843,0.0011063353456500105,821
rs9945382,0.0011062952184818118,822
rs10738446,0.0011046830114831707,823
rs11953078,0.0011046562363700384,824
rs7897070,0.001104396009822805,825
rs6991499,0.0011029491727315938,826
rs2781300,0.0011006485818729965,827
rs4830898,0.0010999109493227803,828
rs10239546,0.0010996062133418881,829
rs12637499,0.0010974913415834643,830
rs164619,0.0010947616418129672,831
rs4245533,0.0010938652826458818,832
rs13208108,0.0010918945138319344,833
rs9983156,0.001091267274932986,834
rs1023381,0.0010909858247157903,835
rs4973044,0.0010897220800341098,836
rs16923,0.0010896062369601968,837
rs9877544,0.0010886987915834682,838
rs7813349,0.0010882658922336313,839
rs12136895,0.0010881038645678379,840
rs7593167,0.0010880912946841974,841
rs6436010,0.001087969126662497,842
rs10879549,0.0010873741421870687,843
rs1503766,0.001087174293746435,844
rs1998570,0.0010860236110615297,845
rs2399335,0.001085530724861788,846
rs17786506,0.001084723307582977,847
rs1909140,0.001084615838227533,848
rs5913850,0.0010843456730647157,849
rs1871034,0.001083776530726097,850
rs6469134,0.0010830995807064076,851
rs381091,0.0010825338314347983,852
rs11919819,0.0010822494313288387,853
rs7957026,0.0010809239405142792,854
rs756479,0.0010799839471052758,855
rs2939585,0.0010798036518842203,856
rs12612115,0.0010790602200409219,857
rs2078520,0.0010785208899543035,858
rs12932521,0.001078005178461974,859
rs10835051,0.0010779340006342828,860
rs3020210,0.0010768273740222078,861
rs297226,0.0010768139154623856,862
rs1016610,0.001076775030350783,863
rs12217134,0.0010755963225696716,864
rs5007345,0.0010747553630154672,865
rs7810805,0.0010733186058853711,866
rs1053560,0.0010729350956993494,867
rs744216,0.001072884729409259,868
rs6720922,0.0010722750006718926,869
rs7714529,0.0010722572606475533,870
rs1857721,0.0010711415915401802,871
rs4758374,0.0010704759621360481,872
rs12955403,0.0010704326571095678,873
rs17606660,0.0010695783047479656,874
rs4812896,0.0010693637520196332,875
rs904375,0.0010691998487005231,876
rs3855846,0.0010687563814528328,877
rs10810057,0.0010654163224525393,878
rs11152349,0.001065232025614638,879
rs7946372,0.0010650666895322424,880
rs11136815,0.0010641510056728664,881
rs10911898,0.0010640614480339709,882
rs12582052,0.0010624231917160313,883
rs1597235,0.0010623560965048004,884
rs10791664,0.0010620699543584273,885
rs8014797,0.0010607545883196015,886
rs2113643,0.0010604899441874495,887
rs10080135,0.0010594910495890296,888
rs2036995,0.0010586216235362843,889
rs7327057,0.0010583336795229705,890
rs10054073,0.0010582778324944048,891
rs11071875,0.0010559651624536663,892
rs2305429,0.0010559353859398292,893
rs2250802,0.0010555972335233481,894
rs6735849,0.001055384641317981,895
rs221975,0.0010551701650695845,896
rs135721,0.0010547113523840723,897
rs243079,0.0010510148846294698,898
rs1508187,0.0010506281492963752,899
rs3814871,0.0010501732959996427,900
rs240715,0.0010497079479811103,901
rs10173198,0.0010487011239658282,902
rs2977702,0.0010485654953765213,903
rs11134134,0.0010485205269917647,904
rs2882591,0.0010482006973411746,905
rs7607198,0.0010471409312543497,906
rs1888822,0.0010470632798940155,907
rs2194758,0.0010470121151507127,908
rs6022994,0.0010468396464798628,909
rs6792001,0.0010466982090193526,910
rs4804923,0.0010466968190340404,911
rs12915634,0.0010465986081173854,912
rs11048338,0.0010460289389077025,913
rs6050122,0.001045740609681258,914
rs557812,0.0010446245290716342,915
rs4724782,0.0010444327618257402,916
rs4386,0.0010439078975185234,917
rs277028,0.0010435306729896664,918
rs2835539,0.001043521762374981,919
rs7830129,0.0010425245410060596,920
rs7910647,0.00104148336419832,921
rs6637201,0.001041263598142661,922
rs2237029,0.0010409442776151336,923
rs8075803,0.001040833335375444,924
rs1117769,0.0010389101176701918,925
rs11135723,0.0010374109715260969,926
rs747510,0.0010370149756258383,927
rs2253792,0.0010365883283972109,928
rs6516179,0.0010360566211590322,929
rs11900001,0.001035539178532926,930
rs3901704,0.0010349129647704127,931
rs4583204,0.0010345775712272223,932
rs10241456,0.0010327842024033002,933
rs2035247,0.0010327596991805711,934
rs7164844,0.0010315962039551022,935
rs2824544,0.0010315458622122049,936
rs10932201,0.001031296074849788,937
rs883228,0.0010312413634894534,938
rs9315384,0.0010308549039058687,939
rs851993,0.0010300167394367522,940
rs11895219,0.0010294048841119113,941
rs2285595,0.0010291582890284466,942
rs12676670,0.0010280554506802032,943
rs11985327,0.0010278283162328341,944
rs286925,0.0010271372145594707,945
rs4385998,0.0010264810103136229,946
rs432219,0.001025777432282399,947
rs10784497,0.001025426640223276,948
rs6881372,0.001024664872578388,949
rs1034587,0.001024030518109367,950
rs2909239,0.0010240207986601441,951
rs1726596,0.001023858791594078,952
rs9386926,0.001020984914972259,953
rs80580,0.0010201445221053136,954
rs17165382,0.001018771289722584,955
rs13409895,0.0010187539934536057,956
rs2459950,0.0010185635416298175,957
rs11011675,0.0010183257433561614,958
rs2218383,0.0010152885135162346,959
rs895583,0.0010152544168038394,960
rs1419956,0.0010147956843198306,961
rs10765469,0.0010143667452679542,962
rs7000385,0.0010106336988729419,963
rs2355335,0.0010098587299641176,964
rs699664,0.0010098401899125752,965
rs12460096,0.0010092551383231532,966
rs768378,0.0010089420894915685,967
rs1295686,0.0010088908460552978,968
rs7421040,0.0010082090557239853,969
rs2197376,0.0010080067677727916,970
rs2879902,0.0010079851716495486,971
rs1565122,0.001007766465292394,972
rs5943964,0.001007759202619854,973
rs10875328,0.00100715247635939,974
rs11905838,0.0010059952800779242,975
rs458084,0.0010055437304579357,976
rs8067313,0.001005030399276608,977
rs9630103,0.0010042293553509832,978
rs10970183,0.0010028973333269628,979
rs12098424,0.0010026839062962192,980
rs2636320,0.0010025930920286618,981
rs10809464,0.0010009080671409957,982
rs4746046,0.0010008362938885573,983
rs7957299,0.0010003384275806572,984
rs6442416,0.0009995830354307981,985
rs627990,0.0009995448903149585,986
rs3804350,0.0009987870479025206,987
rs6671069,0.0009984430448957181,988
rs363035,0.0009976123322364492,989
rs9290925,0.0009976021205606498,990
rs4807651,0.0009971921090058734,991
rs695388,0.0009971230938119252,992
rs1035452,0.0009966243286084362,993
rs1806643,0.0009946970408189985,994
rs4979965,0.0009944265655802587,995
rs496702,0.0009942811761967322,996
rs10275819,0.0009942102511380513,997
rs162800,0.000991458614833182,998
rs2073390,0.000990133078490937,999
rs6838915,0.0009897781434326056,1000
rs7564933,0.0009895153466664714,1001
rs6880977,0.0009894451063917145,1002
rs12435022,0.000989241097454577,1003
rs1158808,0.000989117571998951,1004
rs1486751,0.0009884773425705565,1005
rs9294723,0.0009882669585737783,1006
rs10075867,0.0009878420354089321,1007
rs1599769,0.000987008124575459,1008
rs873024,0.0009868795764235668,1009
rs13233948,0.0009851162186279361,1010
rs10877152,0.000984790573589693,1011
rs1564871,0.000983005173717735,1012
rs6998419,0.0009829080101703286,1013
rs9511451,0.0009825013076434365,1014
rs2044126,0.0009814991381336957,1015
rs6660635,0.0009800427189260291,1016
rs2318349,0.0009798521330235867,1017
rs6533700,0.0009797930278752766,1018
rs682762,0.0009793252679481624,1019
rs12544294,0.0009791896727680532,1020
rs7709572,0.000978882938710202,1021
rs900973,0.0009764697193141249,1022
rs821936,0.000976196810662882,1023
rs12892249,0.0009746030667067323,1024
rs10271186,0.000974262552250823,1025
rs363697,0.0009733982717535283,1026
rs4850905,0.0009705391716051706,1027
rs10802779,0.0009705301528251804,1028
rs722557,0.0009702143067700931,1029
rs2586786,0.0009690184867900903,1030
rs5933993,0.0009682056682151548,1031
rs2190488,0.0009677094426043136,1032
rs17110018,0.000966993842266078,1033
rs1253944,0.0009669434623579672,1034
rs7938874,0.0009664823870958677,1035
rs1023229,0.0009635835961465097,1036
rs1857917,0.0009632334174800613,1037
rs7582260,0.0009631572389573644,1038
rs16887106,0.0009616927366516508,1039
rs4960656,0.0009616562267685196,1040
rs11193820,0.0009613254174962454,1041
rs259251,0.000960611770026832,1042
rs4331185,0.0009598502057957307,1043
rs1329817,0.0009576439121090375,1044
rs4715634,0.000957619270670938,1045
rs1447549,0.0009564237270070597,1046
rs2572235,0.0009555699008104012,1047
rs722725,0.0009548535241145268,1048
rs2616095,0.00095458079968655,1049
rs2208833,0.0009539525088620975,1050
rs12053941,0.0009536333588264519,1051
rs10456907,0.0009531700811812952,1052
rs1872138,0.0009530051485216465,1053
rs2587507,0.0009522080996528303,1054
rs726899,0.0009522016118511669,1055
rs10816389,0.0009513327889433047,1056
rs7332115,0.0009502964012634791,1057
rs35683,0.0009500014229083375,1058
AFFX-SNP_6306892__rs11151758,0.0009498791946608275,1059
rs769530,0.0009478165876953225,1060
rs13262940,0.0009475841391994448,1061
rs10813007,0.0009468389810189044,1062
rs11020235,0.0009464598904505376,1063
rs12269391,0.0009462967571945847,1064
rs7110179,0.000945538878158281,1065
rs9897388,0.000945272439519912,1066
rs2662411,0.0009448920679524221,1067
rs7590420,0.0009448034362660392,1068
rs4452383,0.0009447856490245265,1069
rs11201578,0.0009437859950690422,1070
rs9644125,0.0009435380215698083,1071
rs9517895,0.0009435105263862636,1072
rs9541132,0.0009430973195784691,1073
rs10508667,0.0009404547435205506,1074
rs7897082,0.0009402972070768542,1075
rs13105690,0.0009397357973196872,1076
rs4636212,0.0009391349234701671,1077
rs4678935,0.0009382155201988613,1078
rs6934450,0.0009373086043267926,1079
rs6504646,0.0009370596935699392,1080
rs9885921,0.0009351981060187872,1081
rs10491748,0.0009350563351225718,1082
rs4131483,0.0009338125233038578,1083
rs6034270,0.0009337697668254442,1084
rs10741132,0.0009337557334642555,1085
rs1294341,0.0009336450124296804,1086
rs680083,0.0009334399729237591,1087
rs7664669,0.0009324056364035073,1088
rs888931,0.0009316764188958707,1089
rs4918501,0.0009316442124329965,1090
rs7947345,0.0009310734688895666,1091
rs5932776,0.0009299132818966562,1092
rs2227275,0.0009298028360967408,1093
rs11002535,0.0009290420644107125,1094
rs4474247,0.000927678746619033,1095
rs1571515,0.0009273487866855882,1096
rs11644386,0.000927218131847515,1097
rs6018354,0.0009270830899915009,1098
rs644252,0.0009256297236244897,1099
rs757344,0.0009255247059367208,1100
rs41414346,0.0009253411881238205,1101
rs7003213,0.0009245283516808277,1102
rs17663618,0.0009241925308531692,1103
rs1890197,0.0009241465878736148,1104
rs13133067,0.0009236947586870853,1105
rs7213482,0.0009229495549549952,1106
rs11563321,0.0009224158930566774,1107
rs2965279,0.0009223239981827295,1108
rs6417848,0.0009212552084987291,1109
rs2776,0.0009207500308940494,1110
rs10858461,0.0009186787962700128,1111
rs4794704,0.0009186506067270424,1112
rs4923183,0.0009180344109393409,1113
rs1362970,0.0009180211639630119,1114
rs1519967,0.0009180107454915511,1115
rs7067945,0.0009173696538653719,1116
AFFX-SNP_10564870__rs602962,0.000916723423321093,1117
rs3770267,0.0009159764567164643,1118
rs1007387,0.0009148708207278224,1119
rs2833981,0.0009138079722842852,1120
rs6473902,0.0009133963341898458,1121
rs7581265,0.0009123994490556429,1122
rs489740,0.0009117538835717353,1123
rs4876399,0.0009113931525720588,1124
rs10188025,0.000911252202416485,1125
rs1403356,0.0009107179691253238,1126
rs3904716,0.0009102826278430818,1127
rs10940615,0.0009091760840238511,1128
rs12448796,0.0009086805202303531,1129
rs3122416,0.0009082143301079775,1130
rs9826800,0.0009078833906311408,1131
rs12772745,0.0009075178684797409,1132
rs7903994,0.0009067770770319108,1133
rs1570533,0.0009065822867902659,1134
rs2188962,0.0009062048965010527,1135
rs3754940,0.0009061446491123548,1136
rs42897,0.0009053175835575241,1137
rs11070293,0.0009050919458764631,1138
rs7992194,0.0009047560240665125,1139
rs4394933,0.000904274224995435,1140
rs2221108,0.0009033107217613195,1141
rs10400419,0.0009033103107566903,1142
rs2829686,0.0009028868007924446,1143
rs6968993,0.0009026989315992558,1144
rs6570932,0.0009025622519625892,1145
rs13171906,0.0009021949271898232,1146
rs1381883,0.0009017843431017512,1147
rs1873035,0.0009017239895134174,1148
rs7911973,0.0009012639716063475,1149
rs1330553,0.0008998671843371802,1150
rs12274072,0.0008987052481265688,1151
rs7157886,0.000898668724184061,1152
rs1434921,0.0008986016117172742,1153
rs1017101,0.00089781528611058,1154
rs11153337,0.0008970438585972508,1155
rs7029450,0.0008966237311058943,1156
rs1062087,0.0008962114369184599,1157
rs2827548,0.0008933065524292968,1158
rs2715729,0.0008930663786606205,1159
rs291847,0.0008927264867683851,1160
rs242341,0.0008921524364386038,1161
rs9311935,0.000892092839265497,1162
rs12978360,0.0008919096360599287,1163
rs1050224,0.0008915691764845251,1164
rs2265186,0.00089109526858466,1165
rs7084009,0.0008910880629853072,1166
rs1894342,0.0008908391616804698,1167
rs12521905,0.000890254283301663,1168
rs2344657,0.0008902269805326534,1169
rs871609,0.0008900928147733565,1170
rs10881900,0.0008884615164584352,1171
rs11792219,0.000888028050221236,1172
rs11194046,0.0008869962409843407,1173
rs485836,0.0008868125638504711,1174
rs1958218,0.0008863734270165939,1175
rs1388011,0.0008859590834383971,1176
rs606841,0.000885906672120219,1177
rs7971686,0.0008857295397960024,1178
rs8087654,0.0008856268273843399,1179
rs12149743,0.0008855277842892597,1180
rs6971826,0.0008852348091254797,1181
rs7512768,0.0008848224643678206,1182
rs2067951,0.0008843100236116693,1183
rs12845178,0.0008832263041997424,1184
rs170020,0.0008830553923733431,1185
rs9309981,0.000882770065756678,1186
rs1305556,0.0008818579860730893,1187
rs1930815,0.0008809909489644299,1188
rs3759702,0.0008809557979188905,1189
rs37035,0.0008808664894558063,1190
rs4737256,0.0008801781193353289,1191
rs1709327,0.0008800766712662284,1192
rs550050,0.0008798874482235312,1193
rs1053105,0.0008790424571393688,1194
rs3741565,0.0008787144263462758,1195
rs17132953,0.0008785416556961632,1196
rs4830083,0.0008781605274761971,1197
rs6485389,0.0008781152053309025,1198
rs9486931,0.0008778959881050235,1199
rs8056484,0.0008775555351940381,1200
rs6042192,0.0008758897771022188,1201
rs10953278,0.0008757672121510987,1202
rs2484937,0.0008743954042575908,1203
rs3803481,0.0008729524681825273,1204
rs6795586,0.0008729363050586936,1205
rs201281,0.0008728554970205126,1206
rs4738501,0.0008728028515496544,1207
rs11264593,0.0008720204498943484,1208
rs1400163,0.0008718704505292614,1209
rs7150062,0.0008715625408614159,1210
rs17239575,0.0008707607928024072,1211
rs2281023,0.0008700443853615913,1212
rs8065018,0.0008699739200347533,1213
rs1572626,0.0008697888668428762,1214
rs300178,0.0008691865905142087,1215
rs8109234,0.0008686499252957805,1216
rs6069364,0.0008686055141538438,1217
rs994917,0.0008676713313847371,1218
rs762523,0.0008666637641898694,1219
rs953001,0.0008664126128719549,1220
rs579005,0.0008653672681168525,1221
rs342504,0.0008651855054547243,1222
rs1035690,0.0008649111305642853,1223
rs7586519,0.0008641012423873187,1224
rs2108294,0.0008640675892311967,1225
rs10760886,0.0008639439706160921,1226
rs1464743,0.0008637568898460183,1227
rs686307,0.0008627433307692089,1228
rs7580110,0.0008622538176062365,1229
rs34577787,0.0008618472679064637,1230
rs6904281,0.0008606101140936841,1231
rs1201905,0.0008603873192893071,1232
rs13035976,0.0008603854996777508,1233
rs174450,0.0008602960779769462,1234
rs1934191,0.0008601638708631455,1235
rs3101362,0.0008599856012608613,1236
rs2465042,0.0008598216378707428,1237
rs1925852,0.0008597876126202383,1238
rs12423746,0.0008594873763453947,1239
rs4623440,0.0008591857271152123,1240
rs7699191,0.0008560187719407256,1241
rs11985782,0.0008555797118906648,1242
rs2490699,0.0008555065971766924,1243
rs1538373,0.000855492566977123,1244
rs12260474,0.0008544896302350497,1245
rs1557346,0.0008544508697787828,1246
rs2282161,0.0008543058346552365,1247
rs7558722,0.0008542113771283737,1248
rs7592947,0.0008535304899222119,1249
rs1456200,0.0008528469992281106,1250
rs17066914,0.0008528309898034543,1251
rs151256,0.0008526592290184515,1252
rs2949568,0.0008513162875703618,1253
rs10950029,0.0008506827928478721,1254
rs2248654,0.0008500269091177893,1255
rs439339,0.0008496263806103838,1256
rs995704,0.0008475973200352179,1257
rs2154534,0.0008469751132472825,1258
rs4083990,0.0008468145160925273,1259
rs1057888,0.000845733610653252,1260
rs12278769,0.0008454485206519811,1261
rs11245481,0.0008453504551254026,1262
rs423879,0.0008451056242944132,1263
rs17035680,0.0008450504984148302,1264
rs7757631,0.0008428517658743717,1265
rs12913456,0.0008420279734663752,1266
rs2469076,0.0008419986068384704,1267
rs2585193,0.0008418215361428371,1268
rs10800603,0.0008415474574796711,1269
rs12206418,0.0008408311349224241,1270
rs6752361,0.0008404287337307083,1271
rs1203720,0.000840264982261234,1272
rs7133376,0.0008395470806264292,1273
rs251124,0.0008389188320210917,1274
rs7570752,0.0008386151033571623,1275
rs9518036,0.0008386133597717262,1276
rs17730129,0.0008374633679282156,1277
rs8066500,0.0008367117563625629,1278
rs13027669,0.0008363254902153498,1279
rs1812315,0.0008353987613330226,1280
rs403104,0.0008348719411699503,1281
rs7181622,0.0008339128431800163,1282
rs891998,0.0008336719906426509,1283
rs9592085,0.0008328912121590246,1284
rs7003170,0.0008328788074570296,1285
rs5928167,0.0008328447291529194,1286
rs546484,0.0008324691482510845,1287
rs889574,0.0008321382608737942,1288
rs2111636,0.000831816257019168,1289
rs12639641,0.0008307430177068398,1290
rs1425223,0.0008301271397450167,1291
rs340073,0.0008293987285806375,1292
rs4725011,0.0008272812633230127,1293
rs4588582,0.0008271521670038622,1294
rs2238576,0.0008256856197817349,1295
rs643843,0.000825179249401736,1296
rs6574815,0.0008248286031098454,1297
rs1443237,0.0008246869452604537,1298
rs4794563,0.0008243419306947651,1299
rs41789,0.0008241302249812295,1300
rs3008922,0.0008240059392720967,1301
rs10236588,0.0008235168468247859,1302
rs1485783,0.0008231344152110863,1303
rs4566626,0.0008224862948332914,1304
rs6473236,0.0008214974226593897,1305
rs7626892,0.0008214600823957215,1306
rs7659576,0.0008211575610600139,1307
rs1595316,0.000821116048735529,1308
rs10744488,0.0008205076231355311,1309
rs7075804,0.0008204138416264723,1310
rs10732353,0.0008195226144309053,1311
rs4814995,0.0008187815635046368,1312
rs7550702,0.000818612935813769,1313
rs12955357,0.000817283830722643,1314
rs9865258,0.0008168789029776894,1315
rs16919947,0.0008166817219991607,1316
rs1030535,0.0008164667072631665,1317
rs17044897,0.0008164544258308329,1318
rs17601255,0.0008164194811371218,1319
rs11054180,0.0008163865720793249,1320
rs4302823,0.0008161247766771784,1321
rs9523206,0.0008158890341428543,1322
rs949966,0.0008157009474913721,1323
rs1055144,0.0008141069079188896,1324
rs10875057,0.0008136053773522947,1325
rs8056320,0.000813541921328178,1326
rs1887518,0.0008125067836758478,1327
rs6659974,0.0008124296467981511,1328
rs4941510,0.0008119627287903018,1329
rs4759282,0.0008107055580439337,1330
rs1050950,0.0008107004666824014,1331
rs8142508,0.0008089715607013875,1332
rs7674882,0.0008089648891513703,1333
rs10185692,0.0008077859291799354,1334
rs16861709,0.0008073418508401241,1335
rs1084522,0.0008070814213933373,1336
rs11120024,0.0008052914087505977,1337
rs16948999,0.0008050398043874724,1338
rs10953524,0.0008041078873393691,1339
rs2914481,0.0008033062257143183,1340
rs1907218,0.0008014896958108064,1341
rs7063947,0.0008014121536589507,1342
rs11688004,0.0008014075292460026,1343
rs17763853,0.0008010869491352632,1344
rs11118895,0.0008008571333766615,1345
rs481086,0.000800493531287942,1346
rs9925275,0.0007992827929081664,1347
rs4848147,0.0007989548568405007,1348
rs257387,0.0007969936885886197,1349
rs7700446,0.000796503868160558,1350
rs4379922,0.0007964431957727787,1351
rs9594602,0.000796131987282071,1352
rs1769807,0.000796051793400774,1353
rs12708454,0.0007947702651164907,1354
rs4750957,0.000794749205641573,1355
rs12026288,0.0007944622824063702,1356
rs12288724,0.0007943231359625459,1357
rs6474182,0.0007921053180211414,1358
rs6990963,0.0007914990900819525,1359
rs1890802,0.000790126829118673,1360
rs9938704,0.0007900428485297915,1361
rs17111261,0.0007871548659364203,1362
rs13173056,0.0007847409482143094,1363
rs6995839,0.000784147709034396,1364
rs1150044,0.0007836330813404427,1365
rs1892564,0.0007813080269463005,1366
rs12365651,0.0007808598702099837,1367
rs6908544,0.0007806076370792442,1368
rs3212191,0.0007805000094036775,1369
rs3915908,0.0007803319381239403,1370
rs2341571,0.0007799059185919837,1371
rs12637577,0.0007796675810393425,1372
rs3735383,0.0007771756225499634,1373
rs1035021,0.0007749794711630028,1374
rs7750211,0.0007749674297395596,1375
rs1277213,0.0007746554992231554,1376
rs17166672,0.000774602602542913,1377
rs12953885,0.0007737505389917977,1378
rs12987527,0.0007735906766412306,1379
rs1039301,0.000773427094951558,1380
rs1190725,0.0007733358368201161,1381
rs6099058,0.0007730981982150914,1382
rs10052330,0.0007726427206496725,1383
rs4443656,0.0007723805849468109,1384
rs9539612,0.0007711561928388341,1385
rs6575028,0.00077042204060566,1386
rs961138,0.0007703998552205133,1387
rs11076969,0.0007703636286436749,1388
rs12502595,0.000769680485523182,1389
rs3802083,0.0007691641873057833,1390
rs3810420,0.0007687414429109541,1391
rs7016422,0.0007685031835599984,1392
rs7063177,0.0007679162499471639,1393
rs12542467,0.0007672847088638143,1394
rs11032216,0.0007666970242123679,1395
rs3791708,0.0007665490294490602,1396
rs1477407,0.0007657061903227409,1397
rs9876886,0.0007631587093104529,1398
rs2239145,0.0007624288094506334,1399
rs1875005,0.0007621877420920966,1400
rs16998644,0.0007616321778968505,1401
rs7696734,0.0007615088390361956,1402
rs3132115,0.0007608399381476306,1403
rs9326125,0.0007606480184833717,1404
rs9399268,0.0007601238829888717,1405
rs4696664,0.0007600873430693427,1406
rs13403399,0.0007594752763983647,1407
rs250135,0.0007582421921070136,1408
rs10178792,0.0007581432107851964,1409
rs10009866,0.0007580123698837199,1410
rs4844411,0.0007575409431898418,1411
rs8095669,0.0007571767265434984,1412
rs12540907,0.0007571266140430047,1413
rs3800046,0.0007562134038184349,1414
rs6845844,0.0007559626870400182,1415
rs11184955,0.0007547335235575899,1416
rs1181097,0.0007542161286930927,1417
rs2302009,0.0007540616562373944,1418
rs4693313,0.0007537570974515723,1419
rs7227410,0.000753674342470579,1420
rs854142,0.0007533266723284767,1421
rs1973661,0.0007529244545703816,1422
rs6082408,0.0007528586610990545,1423
rs4245977,0.0007512607856840067,1424
rs4430461,0.0007503796099436826,1425
rs17079785,0.0007495405230538043,1426
rs1981391,0.0007495144545931923,1427
rs2320332,0.0007492133817027332,1428
rs9322175,0.0007488691579643015,1429
rs7802212,0.0007483542760066981,1430
rs4502415,0.000748043834706064,1431
rs10877774,0.0007477988816069337,1432
rs10172996,0.0007474441459858402,1433
rs1463766,0.0007471406843748481,1434
rs7253970,0.000746978426947389,1435
rs12774861,0.0007468421845989413,1436
rs7684755,0.0007465671897380479,1437
rs2820359,0.0007460539569780914,1438
rs11247280,0.000745706874942588,1439
rs11120012,0.0007456356051022948,1440
rs6519194,0.0007445457201972983,1441
rs7226358,0.0007444869699556253,1442
rs16997076,0.0007441743924538406,1443
rs1529414,0.0007439032808065625,1444
rs927915,0.0007436414592343725,1445
rs6484785,0.0007426983579670343,1446
rs11003341,0.0007411473706034251,1447
rs1408839,0.0007411386595682944,1448
rs1365466,0.0007406530005411109,1449
rs10845053,0.0007396351055295258,1450
rs12451395,0.0007394249551172978,1451
rs5748391,0.0007391239992847211,1452
rs7562401,0.0007386606106186246,1453
rs5762322,0.0007384686724098193,1454
rs788985,0.0007382690599426018,1455
rs4591547,0.0007377330920045943,1456
rs28619955,0.0007371440713462465,1457
rs6902999,0.0007363945058562671,1458
rs9321960,0.0007360451554966713,1459
rs761100,0.000735772240205898,1460
rs4383497,0.0007347657324004111,1461
rs16831114,0.0007346514248545561,1462
rs5961524,0.0007340441818419631,1463
rs4908247,0.0007336281253091455,1464
rs4878187,0.0007334572953986943,1465
rs6501755,0.0007330169087346796,1466
rs7778918,0.0007329641219810305,1467
rs8031930,0.0007318814354237172,1468
rs4398102,0.0007317146838968309,1469
rs6867625,0.0007315628139218463,1470
rs17537703,0.0007306931224679688,1471
rs2192473,0.0007306904226720645,1472
rs12673946,0.0007304976420728622,1473
rs4766748,0.0007297866626559414,1474
rs6873648,0.0007290605867545344,1475
rs12558559,0.000728821629341118,1476
rs7251158,0.0007280571549732903,1477
rs11615626,0.0007280269543870367,1478
rs9474781,0.0007278443720511221,1479
rs12883037,0.0007268071692977916,1480
rs777329,0.0007257861809187684,1481
rs9846724,0.0007255901171390781,1482
rs2139313,0.0007245258515885178,1483
rs10497291,0.0007244893265339176,1484
rs7066431,0.0007236165602353216,1485
rs2305806,0.0007227723310877037,1486
rs11203578,0.0007222761009742474,1487
rs7015111,0.0007221500430591302,1488
rs723524,0.000721759275389719,1489
rs9522599,0.0007216863555369567,1490
rs563937,0.0007216087779597273,1491
rs423139,0.0007213969118944135,1492
rs28594112,0.0007206671190433827,1493
rs851317,0.0007204254328629775,1494
rs11096795,0.0007204187829576921,1495
rs34162221,0.0007199539444499352,1496
rs2868795,0.0007199246556839834,1497
rs557377,0.000719674257693291,1498
rs11915953,0.0007184680504624973,1499
rs11010015,0.0007184533977346897,1500
rs6818979,0.000718428034054402,1501
rs9378345,0.0007183434956543367,1502
rs9872517,0.0007177582817753787,1503
rs6485561,0.0007177528851105308,1504
rs6951573,0.0007166337293196066,1505
rs12173791,0.0007165898795716834,1506
rs5927577,0.0007160634696387853,1507
rs981829,0.0007160506163080228,1508
rs7243808,0.0007160366679046997,1509
rs7674778,0.0007159952661140008,1510
rs874589,0.0007154720023543474,1511
rs6505256,0.0007150481865719811,1512
rs7863119,0.0007149214063207742,1513
rs7912882,0.000714644488196527,1514
rs1143700,0.0007142921251019631,1515
rs11248555,0.0007141264274023092,1516
rs16951486,0.0007138818759709894,1517
rs7611797,0.0007136707378299456,1518
rs7891477,0.0007131372729262314,1519
rs1890628,0.0007129233761429936,1520
rs484938,0.0007128691246320286,1521
rs2185586,0.000712730496960648,1522
rs4853947,0.000712550540452999,1523
rs7790094,0.0007118701879877969,1524
rs17169735,0.0007116456612928519,1525
rs11674656,0.000711469840861016,1526
rs11742323,0.0007114428805118151,1527
rs7176325,0.0007114373435839069,1528
rs16864718,0.0007112764608328638,1529
rs1115318,0.0007110500378497403,1530
rs17465692,0.0007097487727777185,1531
rs2239551,0.0007090667734306359,1532
rs8119377,0.0007070901250334542,1533
rs10888838,0.0007067322263713324,1534
rs12570505,0.0007065724602933585,1535
rs11201928,0.0007050380439376254,1536
rs11596987,0.0007049318782071097,1537
rs11076731,0.0007049002799868115,1538
rs657076,0.00070469696458844,1539
rs2830239,0.0007041743784198958,1540
rs6773161,0.000704125839613101,1541
rs3922772,0.0007040077225797217,1542
rs7625696,0.0007035685759841174,1543
rs7543224,0.0007034148898097762,1544
rs7253984,0.0007033568863613699,1545
rs12525845,0.0007031706505000385,1546
rs3802253,0.0007026749172835005,1547
rs9557412,0.0007024117362390858,1548
rs11639900,0.0007023492224270143,1549
rs3009106,0.0007018639266999306,1550
rs11856483,0.0007010255795996521,1551
rs41496145,0.0007007114716549663,1552
rs43025,0.0007006724922777307,1553
rs4662443,0.0007004350980053401,1554
rs2503177,0.0006998550871274334,1555
rs1866670,0.000699737909660217,1556
rs2066981,0.0006996406243864137,1557
rs12311684,0.000698767029751379,1558
rs9476540,0.0006982850895283547,1559
rs6795255,0.0006981218614552012,1560
rs10165810,0.0006975821344057968,1561
rs10840763,0.0006975511035108515,1562
rs6538654,0.000697340744563136,1563
rs960004,0.0006968518067434639,1564
rs11605797,0.0006967512003498464,1565
rs1647223,0.0006966903010783411,1566
rs6971502,0.0006962568170450095,1567
rs3774808,0.0006957390285354814,1568
rs406914,0.0006948719621421429,1569
rs559767,0.00069464088828121,1570
rs2159874,0.0006941667109710921,1571
rs199738,0.000693611772277328,1572
rs12368065,0.0006927354783834729,1573
rs8068052,0.000692712230605136,1574
rs10151230,0.0006926100052224559,1575
rs9991063,0.0006924996792345168,1576
rs9314047,0.0006918893479473634,1577
rs1526676,0.0006917713964308549,1578
rs6066820,0.000691281041378482,1579
rs6799487,0.0006910203188242444,1580
rs6502656,0.0006908657925583907,1581
rs6970487,0.000690196977513458,1582
rs10109424,0.0006897896521247443,1583
rs3862952,0.0006896306363997142,1584
rs1436026,0.0006892809668503578,1585
rs210122,0.0006883518674041677,1586
rs6039012,0.0006876438790019548,1587
rs1888321,0.000687400759571961,1588
rs17060344,0.0006871375400694184,1589
rs7183734,0.000686796539058799,1590
rs7806149,0.0006866632290324647,1591
rs12307230,0.0006861015271003696,1592
rs16980724,0.0006846098992188362,1593
rs3757241,0.0006842810582910553,1594
rs12690217,0.0006842292028753595,1595
rs9478265,0.000683978245601251,1596
rs17014199,0.0006829601721074914,1597
rs1538370,0.000682953565739596,1598
rs11718444,0.000682006047762591,1599
rs2287783,0.0006814969934035447,1600
rs6616409,0.0006806566251580731,1601
rs2129993,0.0006806406014558761,1602
rs10488243,0.0006799029763964119,1603
rs7963164,0.0006786156019446257,1604
AFFX-SNP_3493183__rs525631,0.0006772993872392218,1605
rs2819370,0.0006771671821828189,1606
rs10206346,0.0006765209027114129,1607
rs1864167,0.0006761385650901585,1608
rs2072795,0.0006758532543398284,1609
rs2756313,0.0006758392454109007,1610
rs12193386,0.0006757140507934961,1611
rs2576206,0.0006755871102601681,1612
rs7899885,0.0006751868919215377,1613
rs6086582,0.0006750514138686189,1614
rs10498083,0.000674103976803458,1615
rs2898451,0.0006733623445356014,1616
rs2020402,0.0006732991649576624,1617
rs2994969,0.0006729049661556982,1618
rs10048404,0.0006728499070726688,1619
rs17018587,0.0006727189111843469,1620
rs2370794,0.0006727133159505246,1621
rs950142,0.0006725933043695287,1622
rs8084920,0.0006722890934661156,1623
rs16865167,0.0006718755416044675,1624
rs17031896,0.0006714519427837336,1625
rs10913752,0.000671388837103067,1626
rs4822134,0.0006710426078717236,1627
rs4827928,0.0006703591723314183,1628
rs10732812,0.0006698753986516355,1629
rs2539357,0.0006695231913236584,1630
rs16917583,0.0006684463231598971,1631
rs16888829,0.000668365006026688,1632
rs338540,0.0006680176423256151,1633
rs2903269,0.0006678261146601562,1634
rs9604803,0.0006674041044123265,1635
rs12144442,0.0006673613022747931,1636
rs10513535,0.0006669913531036677,1637
rs931225,0.0006669129931494377,1638
rs7617661,0.000666745357278521,1639
rs871972,0.0006666772062334873,1640
rs1378052,0.000665759499468414,1641
rs10194513,0.0006650236772637208,1642
rs7884141,0.000664897071299876,1643
rs8069352,0.000664385893931288,1644
rs6531704,0.0006642205021229033,1645
rs7021631,0.0006641996351542174,1646
rs467267,0.0006638179560865295,1647
rs4680295,0.0006624971187445823,1648
rs3782679,0.0006620866455159576,1649
rs1885119,0.0006613440192906393,1650
rs4625554,0.0006610975796988852,1651
rs17019864,0.0006610183012783242,1652
rs11151821,0.0006607787275780213,1653
rs17050001,0.0006605484542644121,1654
rs11875488,0.0006601017326520189,1655
rs6827974,0.0006598689739518193,1656
rs1181883,0.0006598414809017862,1657
rs6093728,0.0006589200653579812,1658
rs5761891,0.0006576685811254376,1659
rs3915415,0.0006575001816402874,1660
rs10235210,0.0006574718113128402,1661
rs2973256,0.0006569643205811681,1662
rs3806317,0.000655609223758586,1663
rs870889,0.0006555302756096849,1664
rs6122695,0.0006555240164452871,1665
rs1908587,0.0006552680986645246,1666
rs6446740,0.0006548161686169659,1667
rs6567297,0.0006531071549152179,1668
rs2724243,0.0006529926170366349,1669
rs9830,0.0006526995512278921,1670
rs2596243,0.0006517255733671638,1671
rs6547916,0.0006512575428223144,1672
rs11611637,0.0006511859997664799,1673
rs1903723,0.0006510337053555726,1674
rs1884462,0.0006507254969003737,1675
rs2502627,0.0006493504424996875,1676
rs5918358,0.0006491418294433951,1677
rs5936353,0.0006490122914323554,1678
rs2268946,0.000648648595949248,1679
rs2050256,0.0006485623885752271,1680
rs12582820,0.0006485617550355459,1681
rs1585399,0.0006476321890095362,1682
rs1250736,0.0006471197187440337,1683
rs11721891,0.0006468728173955226,1684
rs3753406,0.0006468616299597054,1685
rs28610581,0.0006466112888046075,1686
rs976436,0.0006458091964268176,1687
rs11932853,0.0006454117635818398,1688
rs9551644,0.000644774833087408,1689
rs11966263,0.00064427373140268,1690
rs220335,0.0006441557942085912,1691
rs9563069,0.0006437839633327394,1692
rs2286783,0.0006432221940839542,1693
rs11683668,0.0006427082201634612,1694
rs12898299,0.00064251865988791,1695
rs7818467,0.0006418366467108247,1696
rs1781611,0.0006410166620849076,1697
rs9928156,0.000640706327682593,1698
rs221716,0.0006406798825331656,1699
rs573009,0.0006406630610244743,1700
rs2254401,0.0006396504530965247,1701
rs859382,0.0006396343633934848,1702
rs12500004,0.0006394793804227126,1703
rs479918,0.0006389704083833708,1704
rs10852612,0.0006382583148749876,1705
rs9388972,0.0006380781738201202,1706
rs1465667,0.0006375552247292535,1707
rs10133262,0.0006368450918360205,1708
rs998972,0.0006357395581756302,1709
rs737797,0.0006357108704826515,1710
rs1862145,0.0006353684414797571,1711
rs11591430,0.0006343905722135813,1712
rs3767024,0.0006340484109965139,1713
rs2823503,0.0006340239577253379,1714
rs189312,0.000633372292264134,1715
rs7565704,0.0006333361511062452,1716
rs7030887,0.0006331537407728835,1717
rs17802967,0.0006319840045880315,1718
rs4697698,0.0006317121859216275,1719
rs1852464,0.0006314692707256654,1720
rs10513456,0.0006314541125251212,1721
rs11634129,0.0006307429336793431,1722
rs13111004,0.0006303376532997187,1723
rs6738955,0.0006302614708850912,1724
rs11111254,0.0006301840538334374,1725
rs166379,0.0006300319552334311,1726
rs7581601,0.0006293157610161749,1727
rs2941083,0.0006291802082512549,1728
rs12269979,0.000628227344465748,1729
rs11228461,0.0006280374359825907,1730
rs12632512,0.0006278191418447847,1731
rs976057,0.00062761883284633,1732
rs6484249,0.0006276095940906348,1733
rs9315903,0.0006270399535715304,1734
rs10129841,0.0006268657686519847,1735
rs26821,0.0006267254209664029,1736
rs34890793,0.0006265029836031403,1737
rs760398,0.0006261513563693812,1738
rs10275914,0.000626047598735583,1739
rs16832908,0.0006259106371578724,1740
rs6949167,0.0006253579858633452,1741
rs9384524,0.0006253171896026833,1742
rs6635565,0.0006249684379196149,1743
rs1984519,0.0006248818510304562,1744
rs11880466,0.0006247986184636159,1745
rs10783914,0.0006245908760504877,1746
rs2834164,0.0006244461117177967,1747
rs10754692,0.0006240156766256645,1748
rs7853145,0.0006239127828756472,1749
rs10827392,0.0006236850390854204,1750
rs3135537,0.0006235993456391725,1751
rs7565577,0.0006235729899014807,1752
rs6781037,0.0006228545669642624,1753
rs10191896,0.0006223633804563636,1754
rs4687995,0.0006217744194273772,1755
rs7126080,0.0006214713247733724,1756
rs4810820,0.0006210303554804417,1757
rs28367646,0.0006207844669494587,1758
rs7190346,0.0006204956309133898,1759
rs1568452,0.0006201177505463428,1760
rs1989592,0.0006197550913029299,1761
rs12814885,0.000619333989509981,1762
rs2722006,0.0006191828740746847,1763
rs655854,0.0006191556746900286,1764
rs10493825,0.0006186178709277202,1765
rs9793459,0.0006176530466611914,1766
rs1294781,0.0006174301277737916,1767
rs9470900,0.0006173055239812193,1768
rs6883314,0.0006172669847907522,1769
rs10815959,0.00061630814995556,1770
rs4827772,0.0006154878609581279,1771
rs6532169,0.0006152175086897913,1772
rs11226261,0.0006151803159005912,1773
rs6629590,0.0006146494633850136,1774
rs6109797,0.0006144772139125711,1775
rs4576046,0.0006141051034071578,1776
rs12487286,0.0006138758565712293,1777
rs552232,0.0006137546307213717,1778
rs41632,0.0006135664021817151,1779
rs2491438,0.0006135246199057489,1780
rs920513,0.0006134508357487888,1781
rs6782835,0.0006130809528066986,1782
rs2014340,0.0006130307334639733,1783
rs8002396,0.0006127038944538356,1784
rs606956,0.0006125325768545251,1785
rs10023642,0.0006125048842344418,1786
rs842562,0.0006121256799674154,1787
rs818539,0.0006113590741873917,1788
rs27791,0.0006112961535931775,1789
rs11110390,0.0006108304661267655,1790
rs10775105,0.0006103079627239381,1791
rs10764228,0.0006092669758550478,1792
rs1936802,0.0006092332758051736,1793
rs11123201,0.0006072834153986997,1794
rs992089,0.0006067738970383904,1795
rs740492,0.0006063723158664131,1796
rs11063452,0.000606186733163035,1797
rs11878563,0.0006060518306535707,1798
rs1504775,0.0006058669094852038,1799
rs10763759,0.0006057669054991,1800
rs11073916,0.0006056844704923184,1801
rs1530613,0.0006056834607772657,1802
rs4364013,0.0006054364516755362,1803
rs2153519,0.0006053853671191146,1804
rs1293153,0.0006045057804936533,1805
rs2129717,0.0006037416184815545,1806
rs2161285,0.0006034378631590995,1807
rs172245,0.0006031534206217984,1808
rs1762594,0.0006030634481677641,1809
rs12471464,0.0006028143191794767,1810
rs3886934,0.0006021386551582899,1811
rs6717763,0.0006020072220316461,1812
rs5767482,0.0006017489351542948,1813
rs533362,0.0006016689366483393,1814
rs2585817,0.0006015253582175846,1815
rs700098,0.000600936339910253,1816
rs1527912,0.0006007882441395236,1817
rs10405958,0.0006000039868951579,1818
rs7747724,0.0005998211871371876,1819
rs12203760,0.000599807434253164,1820
rs12692458,0.0005996378697139845,1821
rs2147338,0.0005994125487854595,1822
rs1323183,0.0005992010112075515,1823
rs17694135,0.000599122877309216,1824
rs916380,0.0005991159579789293,1825
rs625566,0.0005979631081879831,1826
rs878520,0.0005978258823307401,1827
rs7258907,0.0005975634005096715,1828
rs7702344,0.000597257605257116,1829
rs11201507,0.0005969949972809899,1830
rs7285067,0.0005965047450640284,1831
rs355836,0.0005957542147730883,1832
rs6830607,0.0005946614144131332,1833
rs17040941,0.0005942644983201584,1834
rs10928907,0.0005940878356405788,1835
rs12907769,0.0005938647671752811,1836
rs11786138,0.0005931900776158205,1837
rs339843,0.0005930040558933232,1838
rs2835763,0.0005922067300994691,1839
rs12421648,0.0005920041878757045,1840
rs185170,0.0005916455432270894,1841
rs4983539,0.000590973092619788,1842
rs6982136,0.0005909336459107893,1843
rs2440022,0.0005902442648032037,1844
rs11004359,0.0005892479245716241,1845
rs9660890,0.0005890993899430392,1846
rs10932459,0.0005887923719574077,1847
rs874016,0.0005883673054096953,1848
rs202281,0.0005878357944461472,1849
rs6510090,0.000587521367718064,1850
rs10492925,0.0005871984224584059,1851
rs1890581,0.0005869269555246645,1852
rs17048954,0.0005868989606319923,1853
rs4410622,0.0005863823763193178,1854
rs6631127,0.0005863273336130839,1855
rs1897028,0.0005861507434121798,1856
rs12675334,0.0005861363930576705,1857
rs6728447,0.000586084992885334,1858
rs1575213,0.0005859916404667496,1859
rs16935755,0.0005858323497313284,1860
rs8071475,0.0005851563677734309,1861
rs6939113,0.0005846796919312538,1862
rs17024144,0.0005844535580586675,1863
rs1015094,0.0005844530733962468,1864
rs12552353,0.0005837522896699975,1865
rs6865356,0.0005833685606681573,1866
rs12574733,0.0005824170682020042,1867
rs10821300,0.0005810426898991922,1868
rs2587025,0.0005803199570088995,1869
rs11055041,0.0005801584591190977,1870
rs1554101,0.0005800982259218585,1871
rs1517810,0.0005794928201134391,1872
rs7184768,0.0005790548636036166,1873
rs3849195,0.0005789331172229683,1874
rs9468157,0.0005785965467344872,1875
rs10733956,0.0005784973227001698,1876
rs6044044,0.0005761945818933738,1877
rs11853453,0.0005758265609384338,1878
rs2279992,0.0005757775439931842,1879
rs988896,0.0005751363536757407,1880
rs4776503,0.0005749854023112114,1881
rs9397585,0.0005747364476323623,1882
rs553346,0.0005746141407940719,1883
rs365683,0.000574420239247384,1884
rs8187758,0.0005743977086021982,1885
rs11182965,0.0005737270176591319,1886
rs7848841,0.0005731189763306757,1887
rs9989471,0.0005726376392472041,1888
rs4890516,0.0005721591697861266,1889
rs1161680,0.0005720833582880924,1890
rs4239552,0.0005720716319515283,1891
rs4528759,0.0005717749160356318,1892
rs806876,0.0005713507789668663,1893
rs1744397,0.000570946288972898,1894
rs12671939,0.0005706297098422372,1895
rs4354208,0.0005706266600772699,1896
rs2711519,0.0005703828635847104,1897
rs4860476,0.0005702589003760766,1898
rs966667,0.0005702242949399388,1899
rs4286688,0.0005699615256922367,1900
rs7527128,0.0005698846451337384,1901
rs4240375,0.0005690733747153593,1902
rs1191555,0.0005684749148696851,1903
rs2843500,0.0005679783071882509,1904
rs1114021,0.0005679127356287148,1905
rs6569548,0.0005678778568713521,1906
rs13019251,0.0005674694768722131,1907
rs17007242,0.0005674302687965721,1908
rs6976643,0.0005673183390548529,1909
rs12320516,0.0005670572914921012,1910
rs10762343,0.0005668035468223079,1911
rs17662833,0.0005667342610067791,1912
rs1546309,0.000566205315269432,1913
rs2545167,0.0005655297178351819,1914
rs16947618,0.0005655153243438857,1915
rs16882077,0.0005650910258052201,1916
rs6784845,0.0005646838391662204,1917
rs7483081,0.000564481721694036,1918
rs2246493,0.0005643514170641054,1919
rs4879903,0.0005637043179489502,1920
rs8539,0.000562594765091964,1921
rs4683259,0.000562190944318709,1922
rs741688,0.0005620511901140517,1923
rs2167787,0.0005620072821656595,1924
rs6478623,0.000561320001255344,1925
rs7166799,0.0005612268847902952,1926
rs13125646,0.0005608601514244436,1927
rs12391672,0.0005604686479605682,1928
rs2277725,0.0005600851041324884,1929
rs6856543,0.0005600195646530476,1930
rs2405929,0.0005596816379509118,1931
rs1399456,0.0005594680246400346,1932
rs13121342,0.0005591157856043423,1933
rs8006140,0.0005590897459833094,1934
rs1730775,0.0005589274793356168,1935
rs16881807,0.0005583017883879497,1936
rs2136908,0.0005576171236693834,1937
rs2273567,0.0005571908888502816,1938
rs17027081,0.0005571182496977029,1939
rs2513958,0.0005564097425393188,1940
rs10977109,0.0005563365717189985,1941
rs5749715,0.0005560740208329231,1942
rs12497006,0.0005558480981463607,1943
rs5934550,0.0005546825062609313,1944
rs12335,0.0005546123318204008,1945
rs3087986,0.0005541784086021192,1946
rs7253937,0.0005539436302034033,1947
rs4975741,0.0005538759281959214,1948
rs1346478,0.0005534066176501941,1949
rs6735395,0.0005528742502517001,1950
rs7775884,0.0005524552790447926,1951
rs12952286,0.000552200775957329,1952
rs9515691,0.0005519622879615754,1953
rs10862713,0.0005518780222430201,1954
rs2012816,0.0005509976003726762,1955
rs1734440,0.0005509499751523865,1956
rs17784515,0.0005509125260332869,1957
rs2143992,0.0005498551010380093,1958
rs4739119,0.0005496406103729088,1959
rs6789563,0.0005495063053947257,1960
rs2583977,0.0005484709164816346,1961
rs10923667,0.0005482449242034149,1962
rs7455788,0.0005481756227566921,1963
rs2601494,0.0005479298534469234,1964
rs9920859,0.000547737603716297,1965
rs2787109,0.000547692980551906,1966
rs11720405,0.0005476567924870093,1967
rs7052570,0.0005466684579040852,1968
rs1523029,0.0005463280436479701,1969
rs7947031,0.0005458512795405259,1970
rs16824004,0.000545468780463421,1971
rs6834832,0.000545251399152725,1972
rs4635001,0.000545152417276673,1973
rs6830790,0.0005448409296082322,1974
rs12116771,0.0005445794971050803,1975
rs10936968,0.000544152268981993,1976
rs6743991,0.0005437436542692763,1977
rs3116651,0.000543692314127934,1978
rs4970551,0.0005428479628734486,1979
rs9924010,0.000542473248597696,1980
rs11115010,0.0005419663548727251,1981
rs6959207,0.0005419367624500932,1982
rs8136745,0.000541562411237882,1983
rs12659443,0.0005414409498997921,1984
rs1881305,0.00054120174599034,1985
rs2271991,0.0005410844662552227,1986
rs4791216,0.0005410532197783131,1987
AFFX-SNP_7225992__rs10604,0.0005409716963108344,1988
rs2271714,0.0005401235028723701,1989
rs16986045,0.0005399890912326642,1990
rs13254365,0.0005398909170836956,1991
rs5963556,0.0005398515772283514,1992
rs199541,0.0005393541614313764,1993
rs2905992,0.0005391780933968926,1994
rs4128671,0.000539014952519898,1995
rs12995333,0.0005383167310919656,1996
rs10019046,0.0005375170112398408,1997
rs6886089,0.0005375055067983188,1998
rs1824965,0.0005374084791986025,1999
rs4721879,0.0005373277133760793,2000
